Cs_Fraction,Sn_Fraction,Tolerance_Factor,Bandgap_eV,Stability
0.5206486672627321,0.9008991446889165,1.0041519168213957,1.3849956925977907,Low
0.6389737880487342,0.14109916848071835,0.9794105956813749,1.8500188362179415,High
0.8162521879648603,0.16187599486193838,0.958250038321587,1.8208639352510967,High
0.3833719489341548,0.9228762838118284,1.0212331244412236,1.3612147565129775,Low
0.808391119680431,0.5908411828127137,0.9648636380281653,1.5390369056218385,High
0.30275504472523174,0.3574038519986481,1.0230862662466647,1.6433699508209354,Low
0.4221981247240695,0.9601006452193472,1.0170117407600239,1.371968147255328,Low
0.7804174615295034,0.07354398319263655,0.9614217288470838,1.8572624743082917,High
0.20171101397277202,0.45128245289393953,1.0366738325169627,1.613639184905475,Low
0.5355408842302498,0.0826115049717625,0.9911226838994647,1.8485686052053816,Low
0.08949636471712208,0.9737204185686386,1.0578902609215945,1.3456293187373067,Low
0.965786337915815,0.7973033247621081,0.9484117657299711,1.4535430550240478,High
0.23005581026021427,0.3848041677094274,1.032289691832785,1.674545042998607,Low
0.37982819250616795,0.867165559111672,1.0208798506279753,1.3764750746949406,Low
0.5774605726766702,0.08483765508891028,0.9860886649772354,1.8593852135605848,Low
0.49946603317214266,0.21627161914788517,0.9973024754665538,1.7624309088618324,Low
0.5121104844298845,0.6688364818565986,1.001981125216286,1.4508781967238604,Low
0.3026424587374885,0.4190206592950879,1.0239654860352367,1.6303589665895173,Low
0.824707752617976,0.0646756337175276,0.9559561414227561,1.8819797949377652,High
0.6331015720712662,0.8045148976714419,0.9890959465386192,1.4607986492422342,Low
0.575626403820893,0.04456533965066933,0.9857676483965939,1.8460000432028414,Low
0.814470734214989,0.7525742768509115,0.9662749112172181,1.474338385991581,High
0.01795605656191801,0.3866277962371717,1.0580447060844418,1.6919755142217652,Low
0.45276336679308216,0.02689271882294042,1.0003606508625595,1.8657451832444363,Low
0.6921815973567048,0.28181418490306476,0.9748541269559661,1.6918065126307928,High
0.9786847048526266,0.31624716223752947,0.940593083207568,1.7527556886834486,High
0.16735700462912417,0.07681039053248784,1.0355182729956125,1.8257277915806138,Low
0.6096403315379038,0.35065959698539273,0.9857826599102908,1.7203225876256174,Low
0.1498132327240278,0.18490387312027556,1.039172538733781,1.7877530994564095,Low
0.46250808868587656,0.9354366892499818,1.0117378840682492,1.329667327033049,Low
0.19789184203149535,0.30911116129927896,1.0351160200223113,1.7084921350121536,Low
0.8418265730384888,0.4739188059156425,0.9592526654289412,1.6521616852334668,High
0.7180545136289396,0.5106421651757336,0.9747769674779355,1.636784167980084,High
0.9896328875562836,0.10727464549038679,0.9365827420519173,1.8073151707564965,High
0.5740128485302319,0.45862687854309725,0.9915709517273152,1.6091198246340237,Low
0.003383038354826229,0.9276086537650702,1.0677400496606926,1.2937599936762996,Low
0.962371458737683,0.17040323762902143,0.9406890101212894,1.7852103542703257,High
0.08695193880736862,0.5614160757141233,1.0521990922907034,1.5454869436447087,Low
0.6630879229778326,0.7979333204285723,0.9853478931747708,1.437788844543576,Low
0.7502619219253118,0.34035580023362033,0.9685957936222325,1.7262832677948838,High
0.4795722179189805,0.21135671991311278,0.9996428325298112,1.7645772751929043,Low
0.27956496438045664,0.5574050788754507,1.0287208401292616,1.5587536820135401,Low
0.5949076012262297,0.0339715170817626,0.9832973373288835,1.8964730800843563,Low
0.9039992202470497,0.32842142305817323,0.94980275332699,1.7241940039360202,High
0.6271391536967812,0.24269091046434466,0.9822062665342932,1.7669115080544051,Low
0.7260417536068066,0.26936243431886997,0.9705869270925696,1.7751729040883502,High
0.6136551709463092,0.6554631514898576,0.9894328458343951,1.5487657682237643,Low
0.4775247514079163,0.3412935881504322,1.0016725994050686,1.6463392254312323,Low
0.03843612438127253,0.5775896631328661,1.0583340353747146,1.5644095555711341,Low
0.19995529742216922,0.26369885958463546,1.0342220777176019,1.7366283890788365,Low
0.716536747590777,0.25090341469172284,0.9714923779483912,1.7105361214166852,High
0.24509682906730823,0.061879404379603486,1.02591848048648,1.9006714085423841,Low
0.45641312951465196,0.5447297752059813,1.0070419294498665,1.5472818324268534,Low
0.2469677236462825,0.1062860758637647,1.0263152486478102,1.8552586441812018,Low
0.6291637588317729,0.09481389759421754,0.9799762007295084,1.8157614244994817,High
0.2536430280762516,0.33622568056071644,1.0287426172946679,1.6738210028681428,Low
0.9153137463938162,0.9707577616251378,0.9568599052849064,1.283411384890605,High
0.0546727721581729,0.4864511007279003,1.0550361191379012,1.5681004086574681,Low
0.844870177958866,0.6373505746658503,0.9610412028234113,1.5484891115641266,High
0.9998611613854027,0.29496289485886973,0.9377530457941576,1.7573103033684532,High
0.015150823705707861,0.19455211166311548,1.0556023191482762,1.7408889289187848,Low
0.25763048850765835,0.876886649915164,1.035940821885899,1.3564064763085832,Low
0.970631683347151,0.8503225308011392,0.9485147610944757,1.3479454976620482,High
0.051297176445364356,0.9096753205871881,1.061621010390393,1.3413341257668052,Low
0.7042984062532063,0.39332438898169597,0.9748761937180994,1.6338594141162166,High
0.5499758120176564,0.9883739797955959,1.0017802602077022,1.2895891919816327,Low
0.6682804870167555,0.4368656718961793,0.9798313958281406,1.612272522270895,High
0.19124643020129484,0.5614318557936699,1.0395172470423706,1.6111727024078097,Low
0.9374848955747558,0.9943260292092582,0.9544598779328869,1.301153830606166,High
0.37816156975061643,0.7284245583543323,1.0191299315424527,1.4584958837960338,Low
0.7893105911258258,0.010387279043643893,0.9595194095207081,1.8636386223119619,High
0.9679801024698197,0.8890923333782361,0.9493468487120995,1.3409709489763917,High
0.9688652658920662,0.8963391475149516,0.9493338006775691,1.38034047052689,High
0.7589785793686386,0.3155675610335177,0.9672102357220143,1.7387051837972918,High
0.2416716325555296,0.05186054012916508,1.0261916596705993,1.8840385802843054,Low
0.8734535168118833,0.7387892538753973,0.9589014418502854,1.4162403352925104,High
0.5810603626726005,0.5254666986706729,0.9916257421930509,1.56671348808858,Low
0.6602655952076213,0.14229928376222611,0.9768524607945287,1.7805076549184382,High
0.7999014644851303,0.9065025172538241,0.9701109486535034,1.378324150573225,High
0.5953881775283326,0.42038690513334054,0.9884561384220382,1.654802691272856,Low
0.5215410938712388,0.3034173755391314,0.9958191004889402,1.6779686174914115,Low
0.11404483835550083,0.3497185484868379,1.0458586831840209,1.7078738648977698,Low
0.9860148455822593,0.5539025303065933,0.9427767917999985,1.518735747461182,High
0.3068292824384907,0.9756849886479823,1.031340144897074,1.306357042611221,Low
0.7621466039299585,0.320983981764407,0.9668981126563356,1.752479239060489,High
0.005510941430051819,0.6330367024321026,1.0631497385476198,1.5139529488061683,Low
0.5729331377917452,0.42998391934305724,0.9913119825246434,1.634431426215774,Low
0.11795561967025403,0.5050586403592264,1.047616840269564,1.5919723087623192,Low
0.011490993775824299,0.048795556358183445,1.0539423420110574,1.8970363598716797,Low
0.13964193490926002,0.5833192493773705,1.046107281500877,1.54304761537803,Low
0.48917661413054514,0.6341663838253458,1.0042942558090584,1.5158164974713302,Low
0.7183497289326273,0.6310333006561332,0.976357066340269,1.4864643332951328,High
0.05549851951718765,0.8269344279158106,1.0598953937474986,1.3706488131430201,Low
0.9389088786970524,0.04031029112080753,0.941850125041995,1.8426012370663067,High
0.16431222073165197,0.3642069370156169,1.0399706731631326,1.7208698460259946,Low
0.7405297571172869,0.7682319016043558,0.9755004263561088,1.4017031772233963,High
0.614338834289812,0.3932926789727603,0.9857894906265523,1.6571446590278565,Low
0.5815989620642186,0.2978676813079465,0.9884667716706413,1.7116192393373606,Low
0.7517275077824357,0.6464366551481172,0.9725007611512647,1.5431369712639906,High
0.3961186311353512,0.48543532203546025,1.013545384943222,1.582618754002429,Low
0.6875053434663636,0.9453463060153753,0.9843719052306797,1.311345339269261,Low
0.7883500771608902,0.18744560250559117,0.9619608889307195,1.7476520787792547,High
0.6330404454949029,0.6894497146610878,0.9875349024457944,1.498247336861686,Low
0.40172179931216456,0.09772712199853162,1.0074965594301113,1.7947319694750326,Low
0.9235771968685803,0.18028006874269709,0.9455088875930988,1.765558317346153,High
0.902694800072199,0.44674736378626123,0.9515048181962915,1.646576042633066,High
0.21325551583749702,0.43897469545794787,1.0350971609343924,1.6796715856691515,Low
0.95704629953431,0.681012955006257,0.9479564830924354,1.4927534247654306,High
0.9936227797355064,0.120170313302018,0.9362656602553181,1.8665422101634233,High
0.5160094786269137,0.8486959426346604,1.0039942549704008,1.439188878726534,Low
0.06064354356045554,0.2222656113994208,1.0504967492942052,1.721990652807815,Low
0.4343606373347172,0.39461858009755857,1.0076424350834177,1.6848263422226208,Low
0.5898852830559451,0.7312531031924295,0.9933640662600031,1.422962097023223,Low
0.8532984071627706,0.5469415952314711,0.958821454670086,1.5397914272910371,High
0.7503947065631971,0.9745431508071111,0.9770785838443627,1.290310768192983,High
0.8001144384876472,0.5877131711971258,0.9658288995944887,1.5684885037184837,High
0.9152226214263145,0.1711608581112164,0.9464013814795706,1.8455029853074036,High
0.463525489311703,0.8994530805219269,1.0111104027552533,1.3838440830412104,Low
0.7836747859165607,0.8511968227781298,0.9713509176443738,1.356482020733886,High
0.873940904728014,0.5961765571296908,0.9569599134473984,1.5471509799136893,High
0.5221027315000321,0.5285108207710557,0.998833176966637,1.5684497479568338,Low
0.9784017474229358,0.9444450505805002,0.9487996394402477,1.2955228185589247,High
0.5519083516634145,0.4615918858313721,0.9942955340557706,1.6459555010167055,Low
0.46241913383829447,0.5875602556301233,1.0069049399652998,1.5543685590417353,Low
0.8180910897277588,0.41333594120871164,0.9613351295636948,1.603579350792494,High
0.6814652587336798,0.9299144412190513,0.9849000657890066,1.3427264846036755,Low
0.6441932152876935,0.4226943617932357,0.9825641334798477,1.5987564570197212,Low
0.26249677534858173,0.8250816859705447,1.03460593350104,1.4182515234598905,Low
0.9497825021656241,0.04332564369354097,0.9405760588211738,1.8408229759038695,High
0.29894500806910185,0.4154464715122753,1.0243639412899592,1.6414139464629287,Low
0.9202601759986725,0.29955460055770544,0.9474566992685061,1.742858684510683,High
0.5729560529358725,0.5727370170251228,0.9932563363335546,1.5851645866154551,Low
0.9082489569211948,0.22860985095876707,0.9479900786301573,1.7149933188932862,High
0.08991976131249135,0.4678425091124745,1.0504858961053554,1.5850627710126775,Low
0.5228475570931156,0.7206945603995636,1.0013890556386444,1.4959987089198734,Low
0.3274352150433911,0.21438152531534704,1.0180959870757862,1.7583617369228401,Low
0.18281630897261525,0.9143890540503625,1.0456196015793802,1.3638845057862723,Low
0.12918139113437443,0.03350316734009873,1.039514401346665,1.9145557286274733,Low
0.8273141809574124,0.49402609839065204,0.961280823415636,1.61798088501711,High
0.44462325371182276,0.28247721798222925,1.004850672970072,1.7627301194749962,Low
0.34708395957062776,0.32503230870044764,1.0172592518722854,1.7077301548546082,Low
0.43678072902303655,0.13489664947883917,1.0037704904893605,1.8528787529777535,Low
0.9509279324114754,0.18399073566061164,0.9422482720755798,1.7802310281322562,High
0.8901793025131214,0.41126676849290134,0.9525600597434769,1.6488047495119054,High
0.8771982758580379,0.8121700963679294,0.9594158925078602,1.437247153053845,High
0.9271646403207182,0.39062739380220013,0.9478033960337237,1.7009100085823745,High
0.037952451875174154,0.413198217082145,1.0560040873681555,1.6442236999672926,Low
0.021153499111771112,0.059017604206760055,1.0529226557520937,1.8949918590701915,Low
0.6129755326039577,0.044456135755704285,0.9812566454020247,1.8698660769789017,Low
0.6874093088157466,0.8396349277896885,0.9829465502241534,1.4290418349359042,Low
0.6997243598617852,0.06233366041275601,0.9710197277931826,1.849666693911628,High
0.5836772858988828,0.6036614225892977,0.9923747042222112,1.5548274341270336,Low
0.8111539112696978,0.5740026165773761,0.9643040753102345,1.567451404687022,High
0.34019410858484167,0.8925801581955963,1.0260799306166661,1.3888392883857816,Low
0.7553687814187678,0.5699091899652567,0.9710339545890242,1.6078155606980666,High
0.898826546197441,0.059674155103803916,0.9469398546936465,1.8346742082885614,High
0.19332091784373917,0.647776807561746,1.0405009774286342,1.5048888732724588,Low
0.7574903143630736,0.8482078260830975,0.9745074258732609,1.4074621968112788,High
0.2490222617649095,0.42557248014537874,1.0305655914653649,1.6170779341586274,Low
0.5496801198676117,0.17378087983388568,0.9906490095302425,1.8044179119941994,Low
0.09929297547036886,0.1106332003858671,1.044222625694678,1.800757928680277,Low
0.1758918960816066,0.399385101392691,1.0390679137581187,1.674442387556416,Low
0.49686360906991367,0.5065543961780484,1.0015984244163336,1.5699743071765098,Low
0.8112032067518493,0.6556278233984482,0.9653823380269888,1.5212010850632012,High
0.7452440840617466,0.3731819771844559,0.9696406682302896,1.6691551026315317,High
0.2959834255097207,0.8552369698430174,1.030948429547738,1.3528570649223535,Low
0.06568902214552619,0.8843752293570836,1.0594920126099185,1.3922470743832462,Low
0.8167952090496982,0.6687421144038328,0.9648757819204405,1.4908770507951972,High
0.4194277321457378,0.01061015814499755,1.0041613342657427,1.8651524261434207,Low
0.354008769743947,0.15328857632142723,1.0140318131952422,1.759459097349388,Low
0.1059432919250729,0.37953676015102966,1.047269321476327,1.6470442315309546,Low
0.8057935419049428,0.7877001239831479,0.9678017395687828,1.4370405423153256,High
0.12377748355867291,0.37532520214426224,1.0450457217284126,1.6788909928440467,Low
0.6644017390609342,0.5893499904369746,0.9823594840702562,1.57681423818393,Low
0.842908348828191,0.4983314326612507,0.9594431248382023,1.6100716329911586,High
0.9131044917832626,0.6594063220424009,0.9530248013350971,1.4641835619710755,High
0.25903631418024053,0.8914787148893993,1.0359780069320625,1.3592460344937778,Low
0.34233718610626596,0.6445088612731065,1.0223132280856997,1.4728040349663476,Low
0.21001426541490653,0.4534552057784783,1.0356966071328588,1.5844123187640204,Low
0.5763695922705218,0.05754847173783295,0.9858527586989669,1.8633272660573743,Low
0.9188108445762388,0.7604848596844681,0.9536578976348832,1.4345584803386056,High
0.007096834499947913,0.8828606963664234,1.066626217920103,1.4057130981719008,Low
0.851976606046823,0.32218247809962774,0.9560266270047486,1.6614805870985752,High
0.0556687873635503,0.8001150000198113,1.0594822701455817,1.4692556449648504,Low
0.6786262584440357,0.9220394631701405,0.9851397709864204,1.3323187777628553,Low
0.06131342369780002,0.7486631962889152,1.0580422376401322,1.405198250753631,Low
0.15788306337056068,0.5648062811046511,1.0436226369389567,1.5295566543374985,Low
0.5030793221290032,0.7894035982806771,1.0047499531897444,1.411885337081934,Low
0.8238501455462662,0.09639890744866575,0.9564743155793687,1.8693385605990167,High
0.9354948137221869,0.5857128401927951,0.9493347345591134,1.520746366502428,High
0.20070998117596406,0.021580734107936705,1.0307114948269667,1.914300096995987,Low
0.9040547688183159,0.31617816402599597,0.9496365798634829,1.7305904991424175,High
0.4093641897506686,0.11238238325327665,1.006774841896473,1.8475882967189476,Low
0.8161635830459547,0.6919385793931767,0.9652611911310387,1.4483891184356599,High
0.9562648925973533,0.35782951851669,0.9438482626200516,1.7289326105882248,High
0.6649506917392645,0.8607567361485181,0.9859755860886015,1.3820297932363226,Low
0.3959469869225718,0.24323186097313498,1.0102036801730931,1.718140738530958,Low
0.9232913437690718,0.4229524757912875,0.9486941811596751,1.6826611974450516,High
0.3440220996561022,0.1380568794354543,1.0150278898748886,1.8442918343831,Low
0.6632496708667905,0.3828292745075752,0.9797150196066874,1.6866005783206448,High
0.16340368250867943,0.1640269828692814,1.0372321057722325,1.835275127044909,Low
0.8768178597732911,0.25492788349289786,0.9521378039370915,1.7901827087426487,High
0.41966141573678384,0.18188454142761412,1.0064868578067245,1.7865496922778998,Low
0.15723954400455364,0.9744334347137806,1.0496161441799436,1.291027256083557,Low
0.09878922490575537,0.7733571532487823,1.0538323963299605,1.4521390244449572,Low
0.1576438479941552,0.064371922331533,1.036515363918352,1.8526350990424483,Low
0.903750512395769,0.31084485226269176,0.9496040125038472,1.7410649546109338,High
0.7059726786997298,0.04035693254691963,0.9699738588219854,1.840381526872732,High
0.17657077413162114,0.30937170349839394,1.0377033721193318,1.699557062483108,Low
0.3870169980504077,0.06933997364215039,1.0088818073120625,1.8266249895709854,Low
0.6283188567043988,0.990828381165019,0.9922312653789602,1.3243739951027182,Low
0.9087396724774225,0.9136779321743831,0.9569081487230177,1.3188490855614838,High
0.5205644899979333,0.6183626796490292,1.000256018085709,1.527083524943307,Low
0.581266870954468,0.5054291754557635,0.9913275066523806,1.5675234387381476,Low
0.21704403458295107,0.5782789206025811,1.0366205501580754,1.526051315519796,Low
0.8981151904255824,0.601108971006631,0.954083718208596,1.5759134314293197,High
0.7799170859837464,0.12239554008153686,0.9621244687416811,1.838845223552628,High
0.390287347981762,0.5984381240569037,1.0158312988650673,1.5478087062231467,Low
0.9347191416323024,0.006673593121283794,0.9419231919774975,1.8904200144484709,High
0.9269670213514419,0.6309116592140869,0.9509635701619054,1.5419790738181438,High
0.9250579525281422,0.2841302827674601,0.9466752294193073,1.7232353285099333,High
0.5428721161526205,0.3091831615961892,0.9933129631936846,1.698681251203978,Low
0.28054675487747793,0.16124108779993984,1.0230261198480621,1.788907593624943,Low
0.26203519180230517,0.7802626019842853,1.0340223764046717,1.4054835042973866,Low
0.891665604453196,0.02645384515409066,0.9473746430511233,1.9271856849197675,High
0.5113703198967592,0.35389967481685336,0.9977419609413233,1.6684952631308265,Low
0.6261573112442754,0.4465226177448023,0.9850754031596675,1.6551354203212028,Low
0.4628228584901326,0.5115938232615497,1.0058042912747438,1.604781593201832,Low
0.6046249457276309,0.8254545828214643,0.9928572618640494,1.3644099990522336,Low
0.2573348143388905,0.19806322102515883,1.0263502823792257,1.7318221459652916,Low
0.8978937535953835,0.1393741749113051,0.9480849129380571,1.7888777461461114,High
0.613982695876182,0.7809001620809746,0.991105511286246,1.3854425014682894,Low
0.6631512095569178,0.9936645869129876,0.9880093070195788,1.2867077505169229,Low
0.6833321284781944,0.02625937165512482,0.9725200523823655,1.846113226592367,High
0.1740788538712903,0.5714403128150903,1.0417482397158837,1.5218993419895588,Low
0.9358632634963299,0.049959875723877945,0.9423420394169095,1.8894323862733302,High
0.7033754513938969,0.19378551462736227,0.9723251738747454,1.7667023859675577,High
0.6682213868206066,0.24776949509560642,0.9773005143370669,1.755947705212364,High
0.8036149851195686,0.12772813433001418,0.9593300917329602,1.7971584558848204,High
0.2219448233002993,0.32025208845847497,1.032359008232005,1.7241470739199956,Low
0.4738177361663777,0.24820617624886465,1.0008441620271231,1.7563745575008585,Low
0.6126077365737241,0.34721058039751596,0.9853762504467589,1.6731518826395526,Low
0.6787728847789609,0.19721421199475586,0.9753475340418832,1.8092522104299393,High
0.42434239620409264,0.6255034334264847,1.0120651707856287,1.508467491539726,Low
0.3921954948806823,0.14973229830648693,1.0093651773064456,1.7858421020344886,Low
0.7822328561016316,0.9665086565463176,0.9730768059849061,1.3103258094920944,High
0.82522431889089,0.7849456061368798,0.965394906982328,1.3814023584390223,High
0.8442586436745705,0.8775201572583032,0.9643051246282389,1.384511685601109,High
0.012768920350042845,0.017826367267987253,1.0533423991262354,1.8488126281342347,Low
0.9140957801183022,0.6848602908107048,0.9532383533215328,1.4905721826156868,High
0.38053484396505544,0.8843501936939726,1.021035967124328,1.3811981783015232,Low
0.2336383720086086,0.2968164056292929,1.0306106077257406,1.6782218314012673,Low
0.6205908676420819,0.8127025743651339,0.9907343075941563,1.411170828097441,Low
0.4648223325377584,0.5618594960380198,1.0062566953179737,1.5871926581479117,Low
0.6886558543776777,0.12008562210077023,0.9731243519609359,1.840582783711427,High
0.8370477503756273,0.7015338140214022,0.962844464688164,1.4617604332680196,High
0.4109173067966151,0.8470700377764836,1.016801194457966,1.432423786700071,Low
0.961620351003721,0.03440001400619441,0.9390322891400342,1.8603756357533454,High
0.0740828949734248,0.7248497824350515,1.0561385829230423,1.4276057397032575,Low
0.29714156656197055,0.6800157454195882,1.0283181318358305,1.476821033751521,Low
0.2792693213564922,0.8344413287759276,1.032692446630122,1.444499377524456,Low
0.13850780505253524,0.28833223797607055,1.0420152194177645,1.7429029919759926,Low
0.9923411383104678,0.17687828165419295,0.9371472695078007,1.8204911084106135,High
0.347917287045837,0.6625758552868337,1.0218882031785963,1.5354017733711052,Low
0.20677070157132116,0.44988742266143755,1.0360396585802973,1.6231136262214338,Low
0.6300750206444737,0.4718410202166662,0.9849422938496979,1.5769040034904298,Low
0.35519028638632855,0.7559642744253451,1.0223178617581479,1.4616575193256622,Low
0.6897397376246639,0.04111436205701702,0.9719437695709028,1.876005947440721,High
0.7521429587944705,0.3501827094987834,0.9684982917167586,1.6543842339065873,High
0.020995932500575964,0.12832736311562098,1.053939734792804,1.8019708574539752,Low
0.8975660756241388,0.796656221980732,0.9567257216457071,1.440204376728118,High
0.33338033284980695,0.9044354549406467,1.0270805492497974,1.3575479357285665,Low
0.8119146882841511,0.563306691074308,0.9640696650475055,1.5308826175309187,High
0.6422221453070951,0.8240572013635218,0.9882497576723652,1.3954397488050077,Low
0.8665904726951149,0.6403783950934425,0.9584372471512513,1.5294682732170266,High
0.6533716976870233,0.8063229782826085,0.9866474799081449,1.46314058385236,Low
0.5744800025277214,0.012726075295686035,0.9854774510147634,1.904715160426838,Low
0.9613613502606014,0.570416543265624,0.9459892097663168,1.5881792454698813,High
0.14440329397207985,0.32640064252294054,1.0418446107861201,1.6709933129431942,Low
0.3066465597696303,0.3005050562485837,1.02181677377065,1.7653157916344353,Low
0.08943703634258104,0.5430048181838086,1.0516305407387354,1.588903430355436,Low
0.07070912034136101,0.16342201663383726,1.0484336758933477,1.7819085769617409,Low
0.18956320885715583,0.6708419766104352,1.0412892629547357,1.5323216601462044,Low
0.7615957911720653,0.7600710103664777,0.9728219832985874,1.424570983273231,High
0.8364856120577383,0.29506430680588913,0.9575480681701114,1.7122883294920481,High
0.32760146393086453,0.6048411623428344,1.0235479118766062,1.4899664892073707,Low
0.8441135867076898,0.25809557942488726,0.9561393949504736,1.7230015751307894,High
0.7907988123324973,0.7161569431940056,0.9686743849374092,1.45273257683731,High
0.33384105534894337,0.28183158970275435,1.0182611341002035,1.6900403992903277,Low
0.6295513941004948,0.08164864059220478,0.9797530457407141,1.8325762586400305,High
0.5847083275333448,0.3343458707816026,0.9885843638486547,1.692890061522572,Low
0.6122055609037198,0.5650763225015518,0.9883787230546571,1.5582103364888376,Low
0.5217017009814978,0.7727983412174203,1.0022486940804898,1.4055124368965999,Low
0.6390915644591896,0.8583274592826018,0.9890998314274904,1.3512340730503127,Low
0.08204692187914286,0.42897673127204894,1.0508808201826065,1.681081697462417,Low
0.11857204986726533,0.6114336035207448,1.0490760056054695,1.5618927589423544,Low
0.38544379014860364,0.593858451221023,1.0163565019868204,1.568588129768072,Low
0.6483999562306579,0.9495459796269509,0.9892097738394579,1.3647892693997934,Low
0.19680977824667267,0.49196178936334045,1.0378488561771793,1.5884278989655007,Low
0.9901101229623249,0.1790210107873037,0.9374446191406779,1.7862291770845202,High
0.8766197588367013,0.5130750357309207,0.9555410636183523,1.5427352545129973,High
0.08463471414925683,0.8855863962214587,1.0571956543416474,1.3408374114159562,Low
0.11600778704517023,0.17168186449339484,1.0430732962704605,1.75684709050346,Low
0.041569378645423205,0.9070833723290669,1.0627715132250946,1.3622421149935091,Low
0.4818214623610185,0.40864473927315215,1.0020773953395448,1.6134107877972619,Low
0.5102177678783024,0.9729830840568054,1.006428992287685,1.3214989130207886,Low
0.940812475258329,0.30009870867769517,0.9449735861305365,1.7326561645103413,High
0.31331963787338735,0.35551730523489333,1.0217787764373476,1.7217307009113363,Low
0.5170954217438019,0.1473425570441541,0.9942305436830507,1.8348511650308272,Low
0.7565085497184346,0.8319218512942003,0.9744080978037882,1.4143027961848325,High
0.661220910717447,0.3635930286984702,0.979702477306408,1.719420376059871,High
0.6671134930800349,0.0467734089344819,0.9747508850738961,1.8233644735031118,High
0.039426096783172104,0.6540567277257084,1.059328271296286,1.5133984302635592,Low
0.5844748241550473,0.71356651505495,0.9937811384768598,1.444147445568829,Low
0.4571372437945267,0.24945484471076296,1.0028809391237177,1.7895675743189736,Low
0.32436328853118745,0.2510512636296811,1.0189793636913718,1.7280258057403102,Low
0.17404809555821066,0.18555506572397407,1.0362500331722782,1.8076635575471716,Low
0.32611606848322783,0.5737575023014883,1.0232907927718684,1.5949472661062878,Low
0.7539371073959132,0.6370026652428645,0.9721054483381716,1.5459570254204806,High
0.8382966986071473,0.3228525350502054,0.957693427887126,1.681495240572224,High
0.054105152745761886,0.4017400171299538,1.0538781483269115,1.6658327478000237,Low
0.45760544053246843,0.22607299803248304,1.0025031516903125,1.7951657284158105,Low
0.24951398647145218,0.1798648080170966,1.0270407020531767,1.7475025520383811,Low
0.6279669201768374,0.19666405611052928,0.9814872801220013,1.7797574600007102,Low
0.8064836232362703,0.15219000264974314,0.9593042576904005,1.795686232779662,High
0.24680781132031593,0.9225643826907012,1.0379176551882978,1.346360085924422,Low
0.3538581605303802,0.7316876633089878,1.02213799032402,1.4206188266226771,Low
0.5724419014906983,0.6121915735561343,0.9938584055436125,1.5134422747320537,Low
0.747509404815519,0.17687789873796667,0.9667618092519964,1.7633147926654007,High
0.8993072569890216,0.1393461525691383,0.9479136616930351,1.7940524455687115,High
0.10119037414077714,0.5251239202640917,1.0499434988942473,1.562363077628602,Low
0.4259342400053421,0.31558427255332744,1.0075717032018998,1.7347130838601232,Low
0.971742342160803,0.018140513358896326,0.9376021082846546,1.8917019445454988,High
0.9410816425806416,0.17553184255074883,0.9433301732298188,1.8239610387143292,High
0.6983297877672122,0.22211068326923133,0.9733130028024999,1.7866793447990184,High
0.8494522392709866,0.4692063727480108,0.958264459416159,1.642389236849838,High
0.7433799846259389,0.507885379946107,0.9716627480822887,1.5755430266832302,High
0.317284123115088,0.5348022916613533,1.0238161519620572,1.5405263075650828,Low
0.4317635870031943,0.5425964098064651,1.0100089566606747,1.5809472497907686,Low
0.057598645477359045,0.6631875526591734,1.0572486702078514,1.494775807934072,Low
0.03870186911218876,0.2618886439765309,1.053724161230957,1.7702245562564292,Low
0.7381801402033393,0.5681876061047824,0.9731012646656727,1.5773521502471317,High
0.7476426687206287,0.6669619352453866,0.9732732015108935,1.5284471317572792,High
0.9911904222512599,0.8677143322548689,0.9462321733836614,1.3819413279317878,High
0.9770085466770974,0.6252390764675263,0.9447989620092434,1.4937774501236103,High
0.8886491476495834,0.4781251246967392,0.9536210656048154,1.5976390499130315,High
0.292645065886181,0.6618595387348044,1.0286084474413828,1.476563718992952,Low
0.4567028122421233,0.9847227841198003,1.0131379546482848,1.3022808768751284,Low
0.8807413738306648,0.6125938147596454,0.956348691659442,1.5556058918812938,High
0.922642481460975,0.3979073990949059,0.9484467629845936,1.7022323371626042,High
0.9259043172995528,0.8072640437111226,0.9534082287787927,1.391360396965071,High
0.7759336970914972,0.6610062472287257,0.9697484765710234,1.4973590583357277,High
0.9945165110589276,0.7600403053727564,0.9444211173641684,1.428266576396488,High
0.6429957697404668,0.5387310185290028,0.984277725914069,1.5837745342592648,Low
0.19947402529648128,0.5465238806987146,1.038303832560741,1.5718131309222376,Low
0.05620623330705443,0.1470314070406673,1.0499521389213193,1.8115781833505555,Low
0.8280907497793385,0.3609393034692516,0.9594314684367106,1.7104087580540925,High
0.32099677028509577,0.4309232608452238,1.0219049974856824,1.6261707455379804,Low
0.4827254362905794,0.07028892639158602,0.9973349772188125,1.8484599554663481,Low
0.174016187414481,0.509644917016403,1.0408708540299605,1.5683672349776918,Low
0.3314927200172729,0.6820922350429192,1.0241635559809075,1.5355497403588974,Low
0.634042090168045,0.794191747028856,0.9888402918029469,1.409564531254489,Low
0.17499488764161875,0.7685762748258822,1.0444698939016857,1.4609815565633735,Low
0.04645189730161603,0.6946930252965205,1.0590656756046677,1.4686582359292242,Low
0.069017474465766,0.4540498592176626,1.0528248019803612,1.6470543178899135,Low
0.9949919811563672,0.9814888080366309,0.9472569034806582,1.263040704889162,High
0.6833577694508438,0.3231558402946225,0.976476224300091,1.7274941769435737,High
0.25282064410797644,0.39568250200356425,1.0296819532800452,1.669964222169171,Low
0.8269087111831888,0.05634421703996095,0.9555815409505084,1.8385948406364685,High
0.5155182753551756,0.4721231006852086,0.9988589676926843,1.6608003687449322,Low
0.7489581988166926,0.7130133598715276,0.9737308006733376,1.5177681840746664,High
0.06449662862445638,0.019409343131916335,1.0471217030138527,1.8986103970390207,Low
0.12257873638749239,0.2780353015039362,1.0437976140936929,1.727559452380149,Low
0.7171076182717762,0.2969971438837373,0.9720370282493276,1.7676684220326209,High
0.6066068231770387,0.9337393254652402,0.9941017095849916,1.3613118970795803,Low
0.5677316231074472,0.07024825759130116,0.9870671615759741,1.8786278934686786,Low
0.43782110812936015,0.7274384103918089,1.011844945971051,1.4286909888780503,Low
0.024025225100033243,0.34783324309674457,1.0567458318032537,1.7161899375834904,Low
0.7971141119783011,0.043135957212590226,0.9590064652831604,1.8652921258158355,High
0.680995268493529,0.8042792500139632,0.9832493962840094,1.439479059030048,Low
0.7055515971194355,0.5280549979491018,0.9765300124690784,1.579655211011534,High
0.9448909363378161,0.945678017474758,0.9529123446341842,1.2945721162439643,High
0.218650393632718,0.2573366279459236,1.031868103786466,1.7588884816622858,Low
0.7612516653162877,0.9242033983573553,0.9750717098751577,1.365499040462996,High
0.7022848944692497,0.32828846020760694,0.9742507986227322,1.674088558562302,High
0.8986231424697911,0.9302353304699825,0.9583636601860681,1.379848723337759,High
0.6201463498316505,0.25178293555006814,0.9831753105022986,1.7692387093829864,Low
0.9118751499074499,0.42983937046195186,0.9501695886176876,1.6549155828643543,High
0.8507321061538267,0.8253066958371246,0.9628198912261209,1.3691952454276803,High
0.686234659658881,0.4451712615171195,0.977763457609477,1.6120941216372007,High
0.4276918890981082,0.7044549310963795,1.012758506905567,1.5206350180760886,Low
0.3868389522422563,0.029767654777141717,1.008358043949548,1.9135572560748382,Low
0.8534626738438222,0.25853299352927994,0.9550130056489148,1.7105640681361987,High
0.29506192799531583,0.9413004209521355,1.0322881292601154,1.332097271232425,Low
0.21993253051597772,0.9819768251630772,1.042057956474028,1.3090798276686542,Low
0.27392826442846474,0.9634623137724997,1.0351887304762568,1.3702946668937834,Low
0.9431980855214535,0.22862946514732818,0.943759933721155,1.748518822171159,High
0.9969903103269535,0.46086527433103175,0.9402389997827104,1.5779495584851786,High
0.3653528250133763,0.8506962628348251,1.022414840648175,1.3451570773017294,Low
0.09126781469507683,0.48325484839923416,1.0505446485469405,1.5950756455501474,Low
0.9306805204606234,0.877199111112105,0.9537462093170046,1.4000784917936315,High
0.8718927705691626,0.5634424463199094,0.9567780075643024,1.5332602923687535,High
0.16016342574608067,0.6585779498310398,1.0446931007451559,1.4702313966136193,Low
0.7411451676742606,0.6267882249839495,0.9735256048690268,1.5039202591040866,High
0.8493987761899947,0.5591181889434743,0.9594562436829361,1.582007495691978,High
0.8913594405038646,0.8535059674392759,0.9582347593067542,1.3792292949554623,High
0.7252616785193906,0.8447740367448561,0.9783955061874102,1.4320147459410182,High
0.292601338087227,0.9258544463148208,1.0323683797949017,1.2985299401970753,Low
0.982444921440355,0.7902808810678589,0.9462877906816997,1.4587259567591913,High
0.7717856786443893,0.4894717219168191,0.967966168250646,1.620133530618329,High
0.04348086103419413,0.23347151338716887,1.0527355557941869,1.765294332410707,Low
0.4234450952449633,0.23669544283092037,1.0067843807593266,1.765927971805191,Low
0.08657547546891631,0.731802241399847,1.0547171866692324,1.4953394116710759,Low
0.5697245505219698,0.5832575847185314,0.993793202788624,1.5528293855410262,Low
0.44857936706330925,0.7990822688194795,1.011533038300007,1.4501616021305248,Low
0.7094437774419904,0.762348786735821,0.9792117461780026,1.4319567962335946,High
0.4018559943986434,0.13001505397639035,1.0079252227046775,1.7943776468552006,Low
0.5643642876058105,0.6132622093971326,0.994855982762201,1.4852970346598708,Low
0.7610471669865205,0.5483304802507285,0.9700553804783695,1.5629130737789005,High
0.9241098663875318,0.8486252334399531,0.9541719567317877,1.401604478713229,High
0.658484911536376,0.6027555507303236,0.9832606461254909,1.4995292200877557,Low
0.4007581339177221,0.0677962169421994,1.007200891855807,1.9089205633123745,Low
0.5115381981102659,0.5852284838386549,1.0008978590052815,1.5887442687963975,Low
0.9640131622549029,0.8287338361424016,0.9490397839334763,1.4392586536094893,High
0.6609451534085454,0.9087872022181254,0.987119624945316,1.3927035879406569,Low
0.649196323187341,0.9017347236218839,0.9884587631901421,1.373378254072078,Low
0.26060076353848016,0.17074965871168757,1.0255716691962364,1.8028835308401001,Low
0.37069837396365957,0.8547118253186045,1.0218189061017469,1.3537397344467303,Low
0.225633419658532,0.5710939134201398,1.0354734734338658,1.5377660321933964,Low
0.4952177205177193,0.1823561193148222,0.9973534709748758,1.7943696595688967,Low
0.49652587997711184,0.5469400493470202,1.0021958592183777,1.6135990367310207,Low
0.24302819273738374,0.1550404769114061,1.027476180243398,1.8036575515684292,Low
0.9593560709479934,0.25188293097899117,0.9421041091766479,1.7463698970072672,High
0.15802711340616227,0.45542376711537014,1.0420369789391384,1.6225374499157086,Low
0.5894250513848781,0.872853642720401,0.9953637140315497,1.3916389945092986,Low
0.9962231595969622,0.021199991086727876,0.9346864067105148,1.915094004603731,High
0.3146523144895822,0.26941938732508697,1.0204119425099687,1.7620379617021305,Low
0.05292926455177449,0.6590357467049098,1.0577567554152956,1.525256299917842,Low
0.633753085407875,0.057993064097095925,0.9789289847422034,1.85774668888161,High
0.4680185981017271,0.26483299214397404,1.0017744671498927,1.7249315168402906,Low
0.23135298090754342,0.08953072835487719,1.0279666850522118,1.8392065560345416,Low
0.6715297949876012,0.8702253350997264,0.9853011463112126,1.360853492132739,Low
0.8952922662970021,0.4718111503917324,0.9527315330679942,1.6396543631269547,High
0.19938221979204462,0.329412268732702,1.0352235451946912,1.710468520643012,Low
0.8064703207751049,0.7764497211996558,0.9675689636674297,1.3848780252249848,High
0.6749321351481434,0.8472637420140818,0.9845733173753911,1.3922789535392492,Low
0.7363339062259233,0.2034003996598417,0.9684650962921313,1.753281853326309,High
0.8308561279910497,0.2565558858958108,0.9577245828637576,1.721613533905829,High
0.5341820452282121,0.37020238925292837,0.9951985514545768,1.644641520302958,Low
0.35748535441349627,0.8327337153892824,1.0231214966736073,1.3551353506237966,Low
0.3786507232145231,0.1940598206547811,1.011616365310261,1.8317878860664196,Low
0.9498988579661575,0.9973077793465464,0.9529806389149694,1.3299121500041953,High
0.25330678195260514,0.40714175653258067,1.029784948902209,1.641094074804949,Low
0.4213569115264054,0.5421749017121322,1.0112682043127152,1.5365239048266184,Low
0.7684217005833909,0.7354465486530256,0.9716596193443681,1.4978634688703636,High
0.8079021263037224,0.0737706407334352,0.9581048799311639,1.863051475786709,High
0.711461397069075,0.3036501456476881,0.9728098288134752,1.7443527180344505,High
0.6412923369104377,0.7763275773126833,0.9877123160702084,1.4355759641635437,Low
0.03430027982222095,0.7730597669137703,1.0616927410487838,1.4387880074748742,Low
0.26623896551153936,0.510880403843592,1.0296821577762365,1.5464061439498678,Low
0.45083173850359004,0.6953009918247689,1.0098117641284647,1.4335330515930316,Low
0.4156120098961157,0.33143781413973006,1.0090419744610168,1.7464643337829506,Low
0.48833349492604805,0.3887073153438839,1.001013214087616,1.6606354557313723,Low
0.8276437579255297,0.9638193029637241,0.9674879589681994,1.3035097002368152,High
0.48518373733105447,0.13167402792361715,0.9978751016214708,1.8211472771453967,Low
0.9167041646823576,0.3311036049747409,0.9482976652604316,1.6923533130747206,High
0.04052574867264358,0.8161753632090205,1.0615650331038256,1.4116860110520226,Low
0.966885962449933,0.40092949796754973,0.9431180125240322,1.6851885123125419,High
0.7505300918961358,0.5576062029558472,0.9714579571212001,1.5711476805928228,High
0.40121399053104434,0.14564615616346566,1.0082183591203675,1.8384142133599812,Low
0.5540685877456394,0.7529203823139481,0.9980277209885251,1.4473481900741432,Low
0.5208255516409117,0.641785794960282,1.0005469167334433,1.5616799301898296,Low
0.5026434406486465,0.21695914455901644,0.9969273177495814,1.7228832035390371,Low
0.07925274806104043,0.5418383827557353,1.0528517321459037,1.5685542459002664,Low
0.9533697032845269,0.9095709451137991,0.9514007515117563,1.3358495644746213,High
0.46693981278018637,0.8561094209239226,1.010088163647883,1.3600360507460714,Low
0.25673056980150044,0.051035704850971086,1.0243617171512749,1.8590939039561885,Low
0.2554912780846972,0.5126464869329804,1.0310131869220631,1.6090086779132546,Low
0.3583468115445114,0.13841968933741744,1.0133011388085074,1.7734069055849184,Low
0.23857666626302243,0.69952639815937,1.0357296428576395,1.4832635316433374,Low
0.9855141058935356,0.9181857202267828,0.9475860682702795,1.3230523946091421,High
0.3557776037096396,0.4673465089498542,1.018192561521897,1.603566095453851,Low
0.013847551049781415,0.10267217458137057,1.0544338654870375,1.8421905292483198,Low
0.2214271804112552,0.8382765634174913,1.0398075616923357,1.370094146827412,Low
0.33003158571854097,0.800941120178487,1.0260219020180021,1.3847740516328486,Low
0.5097132347480635,0.23000613559221617,0.996249669923664,1.8047999492478017,Low
0.6336491558057702,0.3113808670579018,0.9823423655305737,1.7552717672552194,Low
0.6997726630298655,0.7735862853826759,0.9805430106267805,1.4308772994065084,Low
0.47883250375171005,0.30909189021095285,1.0010719136377009,1.7103837813250182,Low
0.10285098320587938,0.10528432735936777,1.0437163135658816,1.810594309040551,Low
0.1665774927918311,0.787178306538762,1.0457647541089523,1.4245510080390997,Low
0.3068949231292152,0.07978556983423923,1.0187044401799021,1.813261365397491,Low
0.5483073382556881,0.9400584176395049,1.0013148440864765,1.3568115273099957,Low
0.5414074843257347,0.49731684425407163,0.9960595459427886,1.5658485416154293,Low
0.9115229997815968,0.9805535462744152,0.9574532262333366,1.3565950915514937,High
0.2456160496728187,0.4548093883680312,1.0313930842841201,1.6490279398545076,Low
0.9001918269557265,0.8378792250732322,0.9569498626466189,1.416810794667185,High
0.52185891258665,0.43699175413978075,0.9976073354976644,1.6358584594399486,Low
0.6196386352274764,0.27848711695180195,0.9835966050064241,1.7139419591460512,Low
0.07097622850876661,0.9867445039656051,1.0603462044803018,1.2790529498221206,Low
0.7485786486228603,0.8103854541059997,0.9750859844266722,1.4178597463802012,High
0.5233498966292637,0.6803874946670566,1.0007716739399064,1.5168008206989083,Low
0.6941883026736229,0.11217634289980971,0.9723505101141359,1.8148225319406335,High
0.41423356225068153,0.5968347440194476,1.0128956333088486,1.51504261114731,Low
0.7126946371820206,0.5793394080789231,0.9763503610793447,1.5077063858743043,High
0.5956804638970102,0.9688319355388361,0.9959204669660023,1.3596236314489922,Low
0.4464969688901659,0.06116464718178016,1.0015858642952045,1.8762868889584836,Low
0.7653288149069866,0.4018130182461177,0.9675848340132,1.650883641278991,High
0.2522217794503505,0.46164825176284785,1.03068784235513,1.653997296593273,Low
0.2642944709406041,0.5545555502251729,1.0305372125276238,1.5304683646700787,Low
0.12034149127942062,0.24600833241650422,1.0436105690599966,1.7144252141877998,Low
0.671597609056917,0.9806147190122457,0.9867978712208767,1.3573599041933866,Low
0.30162148880209283,0.018945764608753857,1.0184946007173585,1.8863402541439647,Low
0.3913606630063128,0.2381969603374683,1.0106892384341746,1.7551158093712729,Low
0.2307340201870396,0.833139362071738,1.0385978528069397,1.4393194434344907,Low
0.18210623920590774,0.09529654648995167,1.033997888252187,1.8548212356023412,Low
0.5194977582997449,0.5249443707875534,0.9991007964128958,1.5682279615489152,Low
0.34579167271075084,0.702179782423024,1.0227050263394284,1.458800170466056,Low
0.45491432262581344,0.269832753800354,1.0034301931337206,1.7597249919714046,Low
0.7616000352606317,0.6682438219186412,0.9715906956432592,1.5038312294658442,High
0.5548505704267793,0.2568629676150864,0.9911504872212437,1.7280530071274478,Low
0.7700730517439605,0.1782676268497394,0.9640508729652091,1.7451412532010908,High
0.6174809283115186,0.2972486453920137,0.9841109843805095,1.7211752646592147,Low
0.38983942428504725,0.7425267730633374,1.017904586987299,1.4804242091877138,Low
0.5980471260812118,0.6338626188455605,0.9910383381847654,1.526446760374526,Low
0.42852824794952815,0.00082652973041486,1.0029290705752338,1.9085955016144776,Low
0.9073969972389294,0.6299306952252295,0.9533326583506699,1.477753393781288,High
0.7316857179024069,0.6873236006193786,0.9754900204440058,1.4383357068932183,High
0.15232306545224972,0.06837277349462889,1.0372146714268942,1.8224372084442748,Low
0.5710415388940985,0.1381555475976417,0.9875838118883288,1.861318033646458,Low
0.46105845856731964,0.6252178498748956,1.0075926446314256,1.4926634054143193,Low
0.7247343052865859,0.8652336086406485,0.9787364469584567,1.394929439495014,High
0.48297370483686,0.21041338057966752,0.9992182931168655,1.7358788648665988,Low
0.2928170259535433,0.950933156009943,1.0327001135022802,1.3204591501190313,Low
0.27487125235116106,0.7596366937226728,1.0321630469331198,1.4929414023017062,Low
0.5732596294525486,0.6693112126397746,0.9945409710016595,1.5394840625850206,Low
0.26977110910884083,0.966812958417644,1.0357450556769603,1.323801660355451,Low
0.32445690636877933,0.19749689582598473,1.018221028714868,1.8085425919449736,Low
0.42214846930158334,0.09195663661851872,1.0049491743931285,1.8868363799448904,Low
0.7591402633752252,0.46946900185385254,0.9692358591767157,1.5849890024212816,High
0.49432126745953064,0.4369069794185747,1.0009489889436822,1.6472566482668076,Low
0.12207104374501798,0.22602835305651026,1.0431156829934738,1.7522218670298106,Low
0.19750968731245988,0.32788985081336475,1.035428900775769,1.6631076325143122,Low
0.5246823066415158,0.32887395141884734,0.9957859891496833,1.6745328612149224,Low
0.019211406263080377,0.9847702130489718,1.0666486445323609,1.2610678448709345,Low
0.03260372827982916,0.06853682248336779,1.0516766614922324,1.8888281076796618,Low
0.4092742489262241,0.3131885918549734,1.0095575466388962,1.691353764749333,Low
0.20981987674542146,0.7635275918371086,1.0401506669982397,1.4410816150060815,Low
0.6910262367022827,0.2842113323592488,0.9750261104462833,1.6871742708674875,High
0.9198037515836223,0.40200204630514014,0.9488445037603725,1.6159810930058904,High
0.5091128756282473,0.27299751549754103,0.9969092835205652,1.735039463083408,Low
0.6783727712071371,0.0907808519617822,0.9739769210327893,1.847650411705083,High
0.8778789288104165,0.07454275735199245,0.9496625189360108,1.8776042810461155,High
0.36611787991962585,0.15481691526988173,1.0125887544980006,1.8040697393467013,Low
0.17060215036208426,0.48947399562335003,1.0409970321338629,1.5728367539753851,Low
0.655953530902985,0.4234888679940205,0.9811475225286224,1.6254794476280279,Low
0.7458458508131881,0.8211498341578194,0.9755643979915102,1.4160389547993115,High
0.38132978105223025,0.6442295850033665,1.017562440240151,1.5157951877965072,Low
0.6463421385372962,0.5700645603019662,0.984295102186848,1.5971976130188192,Low
0.5259395422435994,0.8864445489995111,1.00330508474821,1.351585234104623,Low
0.7601994277942161,0.7041647757908271,0.9722424243383765,1.479816786385105,High
0.71758052396678,0.7332819546003201,0.9778274868759702,1.471062120142193,High
0.7769495745616285,0.9349180167673685,0.9732974782603899,1.2959568759300903,High
0.8605216120653795,0.7216838832068557,0.960251267820239,1.514450010243725,High
0.6118305736385383,0.3855608243773778,0.9859891507159616,1.6985743795355581,Low
0.7069123440666216,0.16064153155163097,0.9714565284200233,1.769969656456407,High
0.0007780475725922553,0.7125128690410757,1.0648912978090896,1.4646410672917516,Low
0.5050233483544887,0.4564670691013033,0.9999184678292581,1.5946661003639242,Low
0.6628080259251552,0.9696667820798236,0.9877232442665789,1.2826911145746587,Low
0.18678242416116186,0.3752742278884639,1.037403243161522,1.6891189452581035,Low
0.8478717459029007,0.10307180276467454,0.9536588794642183,1.857227896441125,High
0.6836603192543272,0.8440258256375545,0.9834638102650199,1.3797250066448439,Low
0.9804366443419485,0.9815508571213468,0.9490379157342697,1.3191305741361898,High
0.9026207524795378,0.45059681611309854,0.9515641217988465,1.623026738843443,High
0.8637558126761048,0.11484042983341869,0.9518926512005776,1.8108721449826013,High
0.8197035902351503,0.4610115485774492,0.9617689810474929,1.631391485100169,High
0.8465048090897964,0.1464550802901965,0.9543901022320908,1.8382314555693178,High
0.47791186574974587,0.9363373151851002,1.0098676947039875,1.3588751228556268,Low
0.9287129887269309,0.40010151025898655,0.9477387975089996,1.615124489670727,High
0.1303035464926413,0.49263824662087263,1.0459379297707414,1.594498553696834,Low
0.1505811425234712,0.28914238009772997,1.040564166647846,1.758287333678866,Low
0.07025794845863731,0.019234408313531293,1.0464238196628632,1.9165595108917088,Low
0.4875691055802026,0.3612418624431082,1.0007287124622553,1.6428146877503793,Low
0.21120483992560413,0.7349716604769027,1.0395722499070998,1.452209420875381,Low
0.13803539038942947,0.3397110781969156,1.0428067829881096,1.689869018249936,Low
0.998512083099579,0.44668024002225315,0.9398710492463126,1.6007769780101722,High
0.9556761653338808,0.6820659504683835,0.9481371218807643,1.5073527746364677,High
0.44912937457812374,0.5156799210564751,1.0075248580747636,1.640064805831134,Low
0.24767809992503487,0.9978598283190766,1.0388928254051346,1.320379492167269,Low
0.5164818943870254,0.12194645253460623,0.9939594204286784,1.7792646002659604,Low
0.16250281765994912,0.28311383054964234,1.0390340642253766,1.6838220933439014,Low
0.7080269431738211,0.9559899332642399,0.9820078125329176,1.3113548434513858,Low
0.4648755564223477,0.509883598981778,1.0055312148796625,1.6006175867966879,Low
0.2954723593041175,0.34258807027384364,1.0237612679916526,1.6494320253985937,Low
0.028703745631373456,0.8061466459989386,1.0628604721453607,1.4441631466082565,Low
0.7423241735183002,0.9874067543193394,0.9782396667197804,1.313171246885037,High
0.23673432840117803,0.8641720685510439,1.0383104314826117,1.4097228490024303,Low
0.8587631752877433,0.5951738770498006,0.9587931559874057,1.5622158664538945,High
0.29854120844186904,0.9449452086664023,1.0319148453458111,1.3639541503031942,Low
0.7436197789100604,0.006012260607762054,0.9649759068616486,1.8694838984594913,High
0.6145670010054047,0.9276389860421835,0.9930450093708162,1.2951280541977344,Low
0.6107642274987397,0.907852970916137,0.9932380321614118,1.3127723796904236,Low
0.7571456513943378,0.38751567751943516,0.9683876578618784,1.6863222349231064,High
0.7060156847624631,0.16299492242358926,0.9715962473802607,1.7966418350002142,High
0.016890811428729613,0.8978883029674611,1.0656512843222257,1.4106043655696319,Low
0.83106387076193,0.5394357079977962,0.9614253484707631,1.5507316914926357,High
0.8471306896587176,0.7949804552453099,0.962856239538056,1.440351692537264,High
0.018462935978579287,0.6122272643644856,1.0612691179946256,1.574590659136581,Low
0.9498309837426405,0.741444400175668,0.949626097985301,1.5015715338637619,High
0.4883094714862579,0.9867065544160754,1.009299820620313,1.2627396796596049,Low
0.09555585748575401,0.8506460410613466,1.0553521437889637,1.3868931945988383,Low
0.3874780597543538,0.017845253759552482,1.0081167426423978,1.895984338543937,Low
0.7332357754614962,0.08035510932756085,0.9672107345526357,1.8774581529785983,High
0.3925887409546953,0.6919597318939381,1.0168602757209537,1.5326451343575866,Low
0.5738681470996526,0.9749999887195984,0.9986729865700565,1.2742090706035645,Low
0.015215231899361248,0.6241415652249287,1.0618384771757514,1.4860545692838183,Low
0.9006107466468523,0.49206117116620074,0.9523505940787738,1.597441661701111,High
0.03483392898525928,0.16108257257625835,1.0527385985505058,1.8205306435628372,Low
0.11503872809433668,0.9048374079116948,1.0537623360568007,1.3161456485453866,Low
0.1929747732256215,0.12872557392273565,1.033156824785404,1.8129074098086317,Low
0.9189490842779712,0.4106960670624149,0.9490614681745196,1.6825172819959011,High
0.16546117777253766,0.6307890524845136,1.0436485173197458,1.5006691574234399,Low
0.07717895523910323,0.46705622341525144,1.052021803995552,1.653040692212668,Low
0.6207443034442627,0.5106593394928853,0.9866017324822904,1.5553950650929376,Low
0.7947857497161617,0.675544871268073,0.9676467540111616,1.4670839764876162,High
0.9625171391225487,0.2686453400488493,0.9419376526225398,1.735745290505359,High
0.18601126934901024,0.3563977501009722,1.037228105578532,1.6705727817974647,Low
0.25713757392277237,0.31452838763146207,1.0280130869021784,1.6855964765981495,Low
0.6861971000772178,0.5136651322726653,0.9786887556321716,1.6325462549909513,High
0.9582402903506543,0.0982489798959818,0.9402603122147188,1.8367945545085418,High
0.7900994841090169,0.14114304006350675,0.9611401405895112,1.8651348243432415,High
0.5667432838335479,0.3646374182548491,0.9911738522769058,1.729362014443887,Low
0.9508763145948698,0.9000962705205483,0.9515807716283374,1.3536821854698382,High
0.3811042904370918,0.42221346730483733,1.0144877595602817,1.6551598069128162,Low
0.9693997795727208,0.7717350001226696,0.9476365276133316,1.3966233307134461,High
0.5733772667446557,0.7170734406357767,0.9951815313406003,1.4919547327314027,Low
0.7803076603175055,0.8059295322601613,0.9711547807170906,1.4096376468748566,High
0.9662510712944379,0.8238740192603786,0.9487029901666892,1.443658748383676,High
0.41388958247792806,0.7026304999736737,1.0144146468907593,1.5083975840638797,Low
0.4270373620857053,0.35596278458653685,1.007996071689776,1.708324331998563,Low
0.8885678308492245,0.5958060875596911,0.9551755772563363,1.5153580240042739,High
0.5672189513881731,0.2261384099393544,0.9892363904740618,1.7165910297700733,Low
0.9105337504574309,0.6939420804284459,0.9537915986732138,1.4680090523424845,High
0.49487094823884425,0.9453297969632426,1.0079201398552358,1.3145265385383604,Low
0.6329564470110874,0.9590004616964576,0.9912273845127393,1.311896041548333,Low
0.6495354163449462,0.3524231111425101,0.9809692266545217,1.6680657938666983,Low
0.4215830543990726,0.33398460430620014,1.008353411635902,1.6852514173764077,Low
0.2653027277785277,0.1621505391713346,1.0248823768071431,1.7871460891429891,Low
0.394906871035381,0.18518914598027125,1.0095269994118352,1.823296566455074,Low
0.8673133632545382,0.10440282766724773,0.9513269291321537,1.8232017425127354,High
0.08607240289476525,0.6207931635640107,1.0531663421561461,1.5059394600553213,Low
0.8312908674005993,0.6105181338267284,0.9623385441398012,1.506632267274938,High
0.7757329040190781,0.1386297400684242,0.9628439548334133,1.8159576627426248,High
0.9266935127139654,0.1828949433320377,0.9451657480414661,1.8341823732505396,High
0.23537216405424088,0.5937537986472053,1.0346116694494791,1.5765980449688781,Low
0.9240960610450084,0.9588832716295751,0.9556289428173949,1.32446121708097,High
0.22134947214912715,0.6776462089197115,1.0375155345212983,1.4764593604183696,Low
0.16927358947479965,0.5521142848319253,1.0420555400197369,1.6103565708150092,Low
0.4489920773994349,0.2568243281599465,1.0039684996202982,1.7422177277227962,Low
0.3898486883033341,0.0950732176150928,1.0088945605123958,1.874543706595315,Low
0.8907688380085844,0.5399874902122338,0.9541747398609225,1.5714478708349915,High
0.10798408090897049,0.3033389239768788,1.045928096924532,1.713471280367342,Low
0.9815041007503184,0.40691454308399677,0.9414217265364685,1.612924489566501,High
0.8854582425038432,0.9938416180721504,0.9608177116338985,1.298520394886446,High
0.20857029495508406,0.1805485035069726,1.0320030590935705,1.795567703050174,Low
0.9380463736178402,0.4171014631012331,0.9468273312167542,1.6459963635568549,High
0.7219482134442925,0.7966894413656276,0.978150402387444,1.4695382273613424,High
0.3373822718443975,0.6711446985926521,1.0232918304206704,1.5404467455106137,Low
0.3511440150430777,0.8704775950245052,1.0244294166813663,1.365479554709378,Low
0.43468625731526855,0.7908354192939938,1.0131126444317917,1.4123962646715462,Low
0.6331473006399119,0.4602678415468925,0.9844126272712692,1.621700092001252,Low
0.21498839959066895,0.8181970207482451,1.0403050290751046,1.4284984268145655,Low
0.27177863823058446,0.12074199047083412,1.0235193328359202,1.850576319194768,Low
0.9644863698059766,0.42133252485995987,0.9436734540343261,1.6145364882013664,High
0.8174330099966912,0.6621954769065246,0.9647110971054633,1.4574253158531243,High
0.11049700693001341,0.13733851296643218,1.0432495481223136,1.7891873588897853,Low
0.8494515793228087,0.8374814797801743,0.9631380750111056,1.3700873331688257,High
0.410589882885496,0.10151162953461756,1.0064771173510627,1.8068809080638504,Low
0.8830810119208234,0.47357854249113907,0.9542377504347105,1.5817815006271656,High
0.18880466622669267,0.9064497535887776,1.0447732014751765,1.3615192362716986,Low
0.3069585855757345,0.9849982425626496,1.0314572450613495,1.3065555700935128,Low
0.368151845825305,0.060078918109761514,1.0110324128949246,1.9113195466003092,Low
0.10673549249060732,0.500277247920907,1.0489111927341621,1.620206206262867,Low
0.37107419298932953,0.7412160810219519,1.0201736723368682,1.4357745626946485,Low
0.29892129701901216,0.4775568862266749,1.0252411036406315,1.6431062430161651,Low
0.05858728586315132,0.18164447261811445,1.0501614816938167,1.8022347878809282,Low
0.3799134565527752,0.7885963125058791,1.0197625193117428,1.3894475611488843,Low
0.8261899937245044,0.10044142773678888,0.9562444445463149,1.817411929533674,High
0.1388688832931293,0.41384378046200243,1.0437670063488673,1.6395971498261592,Low
0.18078144487057768,0.4555247898363566,1.039275553624829,1.670974062132492,Low
0.3976991876126936,0.26899518416043644,1.0103480847554784,1.7016281014439496,Low
0.5542243526261675,0.19952013813475256,0.9904482284844266,1.7463434429643996,Low
0.9838262426712858,0.10142830626976163,0.937209526597353,1.8078451371325739,High
0.5813406623523895,0.37734930696820124,0.9895762141518368,1.647243191912542,Low
0.9425015696752514,0.29791160234583947,0.9447406060398996,1.7582394329769873,High
0.47034076952715065,0.0033063489244682387,0.9979174192873987,1.947749282174961,Low
0.61528775835673,0.5214343264919893,0.9874110447616027,1.6350372791667263,Low
0.8496514458533911,0.6104697977844069,0.9601037742518952,1.5486504502574876,High
0.0022137610946828534,0.46382351266300825,1.0610785248424477,1.6413781420523739,Low
0.5470644575379675,0.8415819370802856,1.0001047590324863,1.3881433501844511,Low
0.25095010424223585,0.5228580906317157,1.0317098591956426,1.623719100150827,Low
0.7182129186151944,0.5265669134621406,0.9749711684630052,1.6297597686090093,High
0.45388979197830326,0.316204862586538,1.0041923477847359,1.7466946286853164,Low
0.02228913810201738,0.7368883173468348,1.0626272138633002,1.4673825899455306,Low
0.7006388377729006,0.4953626996067686,0.9766880512968724,1.5776225358188702,High
0.7700404556804806,0.424222481717655,0.9673107228680122,1.6456446882490485,High
0.09938973538802909,0.07418009504214496,1.0436907505158097,1.8180291829941042,Low
0.7389849967989591,0.3584167820705694,0.9702032311851243,1.6612122037872732,High
0.369458179585348,0.3766775917885934,1.0152664047388498,1.6569399133603826,Low
0.8000061641220314,0.8201276742856899,0.9689412847990492,1.375233264235731,High
0.6340960218176503,0.8527870204398436,0.9896340333290848,1.3479048844546053,Low
0.6496611178493095,0.49954760836212353,0.9829377855393755,1.6231232802747115,Low
0.3483944761553993,0.08160667162617685,1.0137165962362271,1.817013016883024,Low
0.4780515953745549,0.8375009446836265,1.0084722628929759,1.4370387649466536,Low
0.40379209461184495,0.5498219881528701,1.0135100938680464,1.524581014521667,Low
0.6500740718460795,0.5652067999881931,0.9837754967798377,1.6092669174673564,Low
0.7859922293565074,0.7754515402636375,0.9700530999784592,1.431676632149346,High
0.6888090248894951,0.8223342978358231,0.9825409392833812,1.4377872545531905,Low
0.04111910844251032,0.6124100048745454,1.0585148935226174,1.5132985230699318,Low
0.8472291908443114,0.4910822546986412,0.9588226320658875,1.6242181220346363,High
0.3751310099457409,0.22181612364174041,1.0124268591662313,1.7491701459209907,Low
0.764450408849406,0.04157201039313729,0.9629296370755306,1.8920477364448862,High
0.23662871451299872,0.8654193146254121,1.03834121887262,1.361856664640913,Low
0.5808427668687807,0.2587674911963346,0.9880288375077259,1.7692169981527017,Low
0.8812948669315028,0.5899152588544285,0.9559828671297133,1.5168305592798066,High
0.8745326399319947,0.349757168704656,0.9536534261580583,1.6474200372982113,High
0.9106619854263795,0.2853764364595468,0.9484353053444978,1.7000751706218644,High
0.06902844036813716,0.792355872601973,1.0577391217880119,1.3787440241142428,Low
0.29267554220862535,0.724331784646064,1.0294907571983454,1.4525406304246304,Low
0.0653549332405845,0.7011906735290674,1.056857515657037,1.5076160291861929,Low
0.06832159273430771,0.829801003190304,1.0583722999567862,1.4339953764435318,Low
0.7550252118922564,0.04912463257151678,0.9641670594671178,1.8262585962321747,High
0.8117496656289036,0.592670654893803,0.9644793623900092,1.5710473844253854,High
0.1339950515374594,0.5639455149414655,1.046515129534539,1.5411172030235103,Low
0.42170149848326766,0.9246042383995886,1.0165732963536815,1.3128753658934198,Low
0.22083920812686653,0.6306915285834898,1.036906797371102,1.5514225178730878,Low
0.23481166429445366,0.46490669997510903,1.032848223924043,1.6048800031933244,Low
0.9227095350526533,0.6680866452004772,0.951969099941013,1.538603708627863,High
0.7825798615435451,0.01476192761324524,0.9603890641912366,1.9029110774559075,High
0.6763276469062305,0.5272944586123307,0.9800717258267534,1.62426998496035,Low
0.6878148559872709,0.514397145031598,0.9785020153840742,1.5454495168963494,High
0.47107633421355677,0.43529351070385436,1.0037484663299159,1.5927733346312232,Low
0.2505684445079144,0.4447702072656091,1.0306496247585806,1.676117307050161,Low
0.6457725477192853,0.5191272689275176,0.9836749692831591,1.6097574830781871,Low
0.2828326593735786,0.6020429035316026,1.0289553580022575,1.5387458814042092,Low
0.7702663673862894,0.4799413458300178,0.9680239373334487,1.6601306725271312,High
0.02480001142713162,0.25947022427914734,1.0553727021595547,1.7061727237866682,Low
0.1510922348402821,0.2453617179066664,1.0398782643547273,1.7846883868263625,Low
0.9324471338034285,0.5139278591977668,0.94876816510537,1.6146242762439609,High
0.4751833804885647,0.8155018899537501,1.0085159746743089,1.4466515709438224,Low
0.7989284931405933,0.3192387039641812,0.9624171975928588,1.7092186658488353,High
0.16735522505645561,0.21427341971786373,1.0374674725804902,1.7677460736514827,Low
0.721333814927662,0.6030397484818162,0.9756177711884061,1.5077270412305395,High
0.5525702342174134,0.5091637099158295,0.9948653677808081,1.6443919276747279,Low
0.8708856036943602,0.06624152167099606,0.9503994238708188,1.8977490398905514,High
0.37524933311120523,0.653926008126059,1.0184386693132046,1.4950124349145746,Low
0.6259462206083974,0.596588356915441,0.9871357587627916,1.5806522703561698,Low
0.9650392866493139,0.5514808912287898,0.9452956386297897,1.5862408135350543,High
0.25921408641411914,0.393466703582779,1.0288749954808143,1.6854320550390853,Low
0.5053146953780473,0.11557431556998576,0.9952224560018391,1.846908363258756,Low
0.9646498183656691,0.9744193081626742,0.9508748990505558,1.2754436199052501,High
0.36550989604127926,0.28772367210089456,1.0145069204797648,1.7308357407811867,Low
0.7583526347520675,0.5018768243097734,0.9697633304189027,1.567816096738864,High
0.664743285203658,0.043127312993974876,0.974988510858116,1.853392434683466,High
0.735122460570096,0.9601041792048501,0.9787507518219629,1.344310866189931,High
0.5079028519638076,0.7077412579204446,1.00303116722954,1.4375731586914682,Low
0.697617455809489,0.9750289314307335,0.983539520980607,1.3633362212557354,Low
0.6009817900785245,0.014270538972942726,0.9822997276723582,1.8472481107977314,Low
0.12075391740088359,0.9297577572746698,1.05342694602466,1.3181338693242368,Low
0.9672966756998611,0.6851721346173371,0.9467622590795463,1.467554082345691,High
0.8002654220524148,0.3570421135857019,0.9627542089930788,1.6709318824511177,High
0.41244319450161826,0.13951603512089483,1.006776246125111,1.808735592834236,Low
0.3384294472191893,0.925660979030352,1.0267649160205337,1.3863774651611995,Low
0.34470597959647575,0.8244414531225145,1.0245639541806029,1.427330728970934,Low
0.7071053242062451,0.5236140111513109,0.9762815483987516,1.5454592342584692,High
0.801699781962064,0.48005521600400736,0.9642074643472464,1.6598620365305294,High
0.19975978701367558,0.10716193211366476,1.032032309499633,1.8363397709472231,Low
0.11740138553441704,0.6388258528682851,1.0496142679403275,1.519928277874761,Low
0.9922044969711413,0.7453464064264602,0.9445115706207465,1.4631248260375884,High
0.7954166766537022,0.9158702240666452,0.9707846004094751,1.3648511545325344,High
0.9894333354279733,0.6703516485741172,0.9438731054505055,1.5026840736766005,High
0.782233613021844,0.331638729747194,0.9646045380935774,1.661854117787634,High
0.7537471299191402,0.9317602638446959,0.9760908142447213,1.3694236445974202,High
0.6905510598451728,0.8461988492350883,0.9826521259820306,1.435925111781915,Low
0.6327330455320241,0.16604861631287748,0.9804997081879003,1.7979090129602848,Low
0.3784248803184582,0.4791177641506694,1.015606497899312,1.6583047057533113,Low
0.9031188165839347,0.034373516702618234,0.9460944497638997,1.830705558758157,High
0.2946958739256412,0.9725159766516827,1.0327787238002113,1.276317736945593,Low
0.9335213413332487,0.31392732386465727,0.9460363360326417,1.6779680015730798,High
0.8370374820544678,0.5115940010196366,0.9603314629930049,1.5714928403401418,High
0.15791485757489376,0.3420218445343485,1.040429791508726,1.6885793654928112,Low
0.6914356459469285,0.9386665313268712,0.9838005608126427,1.3615786161237413,Low
0.07866844723903044,0.6407546359550029,1.0543571697301792,1.5230694473219193,Low
0.1855486861607043,0.7452061030072553,1.0428466533432945,1.4125913817305151,Low
0.9349071545340049,0.16802686365019714,0.9439800681973054,1.8490137939742357,High
0.6742942030148231,0.8712031919932358,0.9849768709254345,1.403488172224096,Low
0.02746699869573299,0.06397747570683965,1.0522315180622208,1.8798001363112387,Low
0.6066157507619102,0.7720908878265872,0.9918834626787925,1.4357770220484514,Low
0.9687691079430432,0.8938692249208003,0.9493131409661536,1.397875095768416,High
0.316920159317128,0.9037721150943057,1.0290821387567506,1.3803302142715883,Low
0.9380650429930122,0.04116679905377707,0.9419630243479812,1.8591678265441751,High
0.2151544131897376,0.18922021782990006,1.031329008014644,1.7912261362695292,Low
0.09934259472821816,0.6926017514366937,1.052592084449916,1.4499565727460237,Low
0.663268000780282,0.7094509785309252,0.9841240594940189,1.4991707691679264,Low
0.174362132970323,0.9973754355951973,1.0478547764666337,1.2577875746977716,Low
0.5380399260850215,0.12155428428295256,0.9913484298969778,1.8641774132350597,Low
0.8664419489514709,0.7336013725196233,0.9596874629976014,1.4682154869808677,High
0.932602127186072,0.34083793120756,0.9464969529616879,1.6484214134456132,High
0.2677460993632008,0.8972375757892324,1.0349964507833729,1.393107385338822,Low
0.6752841612477339,0.33844808511502045,0.977659765180517,1.6491809006271494,High
0.1444465375005749,0.34462824174605833,1.0420998471722245,1.6493093209845482,Low
0.45224719858989837,0.04175765048868907,1.0006260938994544,1.8857357715073497,Low
0.9776703069876495,0.015301273553608996,0.9368503010159547,1.9390427995940285,High
0.1980557608755389,0.3817562567552507,1.0361280829830304,1.6348262417875783,Low
0.18601365880473963,0.6579709283463959,1.041536830108765,1.5106124686055622,Low
0.6379546999186736,0.08268079485115154,0.9787517219786538,1.8116067424988105,High
0.1758609009215517,0.5559039622423144,1.0413089167581482,1.5875909353058895,Low
0.44400081000426506,0.464411435890556,1.0074379763373738,1.61879234792808,Low
0.9214894280415923,0.433495898797273,0.9490502724023224,1.6610590660650368,High
0.953318891080001,0.9565214116083468,0.9520248441777553,1.3573563722944422,High
0.9226596807830251,0.20827867527176613,0.9459823526725155,1.779810831411571,High
0.3121601710993409,0.45542622917764397,1.0233219292779172,1.5961551168079917,Low
0.42056051171358944,0.22508920860321135,1.00697351323083,1.728578556145233,Low
0.18091502552866878,0.02218570043401691,1.0331093253449115,1.9057103225856225,Low
0.9419348667900821,0.9873267665835834,0.9538231304452425,1.3127897288779864,High
0.49095141228453987,0.7031738748891789,1.0050333188683662,1.5207875367314534,Low
0.8273660035391793,0.337667454587793,0.9592130989054319,1.6914336859627743,High
0.20283891862885195,0.9082545978521559,1.0430845390793175,1.3636986302230356,Low
0.9065791455783685,0.01769213939259673,0.9454612943157683,1.8484030235143467,High
0.7308520892946522,0.21536711684327026,0.969287202457462,1.7878997367164557,High
0.985198523282486,0.7032149570106367,0.944816628967955,1.5208142754938452,High
0.05306195123622548,0.4027112229718397,1.0540187742658516,1.626462164829227,Low
0.4475648938020096,0.7095159869479253,1.0104077012856285,1.5167436738433744,Low
0.591197173719456,0.5992066532438706,0.9913989702619597,1.4936884031255333,Low
0.9108567050880819,0.19919922015705438,0.9472928865279766,1.7757342535272025,High
0.8922083744337707,0.4977564434919124,0.953445970272155,1.6464647176470122,High
0.9701380523725927,0.8014487216418916,0.9479351165597193,1.4412040795938055,High
0.11915561697916766,0.03453547875624374,1.0407394057131283,1.8802279123345362,Low
0.9025238053199316,0.14513297094341393,0.9475997956544557,1.8597403385560742,High
0.24274948833089682,0.4906648200629984,1.032249580652244,1.5786029171040712,Low
0.16512510181040607,0.6675592458766396,1.0442181547869263,1.486731087177402,Low
0.8308798109718329,0.0972261406417595,0.9556357578513407,1.8579187005735758,High
0.3622444452800403,0.11589119687606964,1.012517938075412,1.8779675020755155,Low
0.9948627071465297,0.754708243017258,0.9443094455285777,1.4665026409304185,High
0.3401485427541907,0.48249283042167046,1.02030290671778,1.6144342714945867,Low
0.9166405516741081,0.20982880366777867,0.9467308241072545,1.7281710513214874,High
0.8389172134019415,0.32078006194840314,0.9575910077376202,1.7503699751921107,High
0.042000527271947585,0.06757154794473097,1.0505278623598155,1.8880275711018037,Low
0.1294458149265324,0.4912339795064572,1.0460219412470382,1.5976678361923762,Low
0.5357055876700431,0.4782366624616208,0.996490937511899,1.6222291532018145,Low
0.7467514382495907,0.19615773125050284,0.9671086568127613,1.8099870956065027,High
0.3164365928924655,0.7658307223828993,1.027182705251735,1.4626414044802145,Low
0.10194226909660131,0.46689588471415,1.0490122110153086,1.5993824938520826,Low
0.15717543087174068,0.580065085433891,1.0439278399141345,1.590898542074117,Low
0.2885957772701344,0.39522122025913,1.025335149000326,1.631049179634667,Low
0.7824076498317,0.7628768021682883,0.9703219110664257,1.404132054504847,High
0.5013175139544033,0.9843969535793453,1.0076765446390041,1.3468929720585017,Low
0.62846635865805,0.19936051780074582,0.9814630789463115,1.8040201447782367,Low
0.3716304308602043,0.42592205529601,1.0156892879417885,1.6146243401180262,Low
0.3526752109843132,0.08034112660249737,1.01318195370241,1.8250115336617427,Low
0.2067601461360684,0.9171123526830646,1.0427331125605748,1.3339924747581897,Low
0.31747666700042154,0.3172349352074012,1.0207386484961556,1.7059064679523401,Low
0.20146373015435726,0.46837783864936333,1.0369473636542086,1.6490219167842999,Low
0.8501331762913829,0.0363945169316956,0.952517345801483,1.8999765734021532,High
0.45181774091852145,0.38909483103439546,1.00544830343441,1.621575544463483,Low
0.8245964317761135,0.8422518916350749,0.9662356041205047,1.4374008103546752,High
0.9963962787925745,0.8040187249825917,0.9447650866410736,1.4675462978153644,High
0.5815434105989594,0.6647617744243427,0.9934699050744551,1.547573758094116,Low
0.19000513115264162,0.004872306161434081,1.0317681771515168,1.8863168409268602,Low
0.8120723172719876,0.12425776049292192,0.9582623118635639,1.8608982373392455,High
0.4444654289567733,0.9233127701967797,1.0137732304319833,1.3498408997623668,Low
0.8523974378223722,0.751151304111242,0.9616320395679033,1.4808430730051254,High
0.5647917729832542,0.3264631643516648,0.990891525867013,1.718582986779073,Low
0.9992559519023607,0.6462199642378201,0.9423635734157315,1.4825443346000384,High
0.6547758393818128,0.30050297362433376,0.9796360949067522,1.725050057527009,High
0.7231042085041985,0.2762978362988726,0.9710349773531796,1.7708759301316774,High
0.6396013118868702,0.35197008709120103,0.9821676335976534,1.6611705251499478,Low
0.16329392633058604,0.6671020663232277,1.0444345702614946,1.5393067181056823,Low
0.7078833466050387,0.5393677404093773,0.9763984950336877,1.5698292191206178,High
0.670532807766481,0.4627041266074513,0.9799057142670474,1.5898782050138367,High
0.6767013157207914,0.6451304124423249,0.981616868602482,1.476033096659366,Low
0.874603527956406,0.3907641591503356,0.9541815663307665,1.6647722370500093,High
0.9865949639905666,0.03912160003499798,0.936077635945087,1.9008371753135251,High
0.7285977863440953,0.9982984112666619,0.980066335381016,1.336558425429493,Low
0.22574890086941257,0.46875003418036876,1.0340033820090448,1.5704372356233323,Low
0.9679342449327222,0.9539117973396466,0.9502036237130713,1.323324780104185,High
0.15361190230083033,0.16071348886474313,1.0383692227002281,1.8193181649675647,Low
0.3741865556621219,0.061803522472405836,1.0103274334764587,1.8200376879252285,Low
0.015020807803228786,0.2900613695615747,1.0569999215192578,1.7051793503122965,Low
0.7698776978274695,0.2787161247565805,0.9654015983170088,1.7119135899640627,High
0.9955271599171067,0.8252169922730089,0.9451476819325442,1.4400414169903866,High
0.4490751720812457,0.23333450511514242,1.0036354591781447,1.768441763528961,Low
0.982366947749806,0.09011081185383807,0.9372408498145657,1.8322017398035217,High
0.26249510969333767,0.6935599585269364,1.0327307252208622,1.4960598123072535,Low
0.5876300979898996,0.39187723583379874,0.9890105285706817,1.6398233963397577,Low
0.46226143158751976,0.8829881593621243,1.0110347459667708,1.3714201885459834,Low
0.2680804053597513,0.6842969471155742,1.03191858257604,1.4690391552530444,Low
0.1616137124599143,0.7721366718059204,1.0461530660903295,1.4861599495128759,Low
0.4287049179107234,0.10992348458387413,1.0044037060429192,1.8003813202394279,Low
0.5761523900230944,0.3896774378362178,0.9903730526074447,1.6239049813820945,Low
0.19773633013680236,0.4861985904384164,1.0376541031791842,1.5951492025030132,Low
0.4052337682908229,0.5545822303889606,1.0134011714335838,1.551606767260158,Low
0.27371898522787674,0.6187107766812936,1.0303005737942812,1.4839603819409872,Low
0.19578575719797264,0.7679838994804644,1.0419260107599106,1.446600638826304,Low
0.81364280870459,0.9375121303328259,0.9688473397177174,1.3166187562135279,High
0.6203816839736668,0.7975624607844732,0.9905527969299016,1.3829368150574985,Low
0.299923120266135,0.980411269599409,1.0322522412676203,1.2832440136390835,Low
0.03181034262506022,0.9970250654634906,1.0652883089186598,1.299442918965128,Low
0.1677647435268521,0.10032138376283739,1.035801830309253,1.8427444936974662,Low
0.0813401884499676,0.07558723666451506,1.0458910494670597,1.851143640482882,Low
0.8488262982266948,0.09884226726778211,0.9534884014467332,1.797444762396494,High
0.14373201581782202,0.5629942448169784,1.0453174060066779,1.6111470620286175,Low
0.7685622114237333,0.43342744146853496,0.9676124400764182,1.6707660400300646,High
0.3541471451851175,0.531706496646851,1.0192919026968683,1.6020259099651895,Low
0.11355069288340791,0.7700595015083431,1.0519843077739344,1.3956006017046947,Low
0.47499378092049993,0.7547508257205617,1.0076939541945837,1.482620003679426,Low
0.9989245313438797,0.6201251405013715,0.942065329203804,1.559688563918845,High
0.3372865169674223,0.5967389708400926,1.0222555051306057,1.4980206032692822,Low
0.7011018987540291,0.81889041156167,0.9809941116734668,1.3888386850884347,Low
0.7469941829284247,0.5894859607936013,0.9723143116399431,1.5516314977160999,High
0.9826134552570635,0.8833533727527084,0.9474842496031349,1.3499515161629445,High
0.8139151760361492,0.4428819639167815,0.9622322099926732,1.6368430285042133,High
0.09494669810197232,0.46974920102975415,1.049902917753091,1.5917638969471994,Low
0.45918286218497406,0.5875175382052532,1.007298015690819,1.5788936212088271,Low
0.4514411345719258,0.20940173146332264,1.0030202926426357,1.7964734988026556,Low
0.6497753114225988,0.2656224529566197,0.9797735027144259,1.7739684313490827,High
0.6433898438418689,0.07450906956710335,0.977985913255802,1.8260654238550091,High
0.9721725677223618,0.6378434709840242,0.945551632641484,1.5339087651449788,High
0.004274277138688443,0.031711727640505116,1.0545676228873424,1.930463361592821,Low
0.7348860947610437,0.1297760984570533,0.9676649674560398,1.848905862870125,High
0.8744245670740265,0.6123623070417116,0.9571142976293832,1.5310734429592083,High
0.8238572224425014,0.045019602634283507,0.9558021545234316,1.860025299703412,High
0.9656427352293815,0.5288604546519355,0.944928251890592,1.5804811516123798,High
0.011291457523264548,0.8013455843255394,1.064914360930299,1.3975433682997396,Low
0.48407316652448196,0.6100769142701605,1.0045821913317394,1.550814653074,Low
0.9006646623407283,0.8618349466133971,0.9572088153439918,1.3517009209560689,High
0.4381370258472417,0.29745426750877335,1.0058428301855764,1.6949469766183374,Low
0.41826349544458175,0.40010473172111327,1.009671374946541,1.6437572591127119,Low
0.9034706456099115,0.5514858143507823,0.9527813445585043,1.5376791885146341,High
0.49704301970206877,0.9418504380849785,1.0076061296532657,1.2976830762297065,Low
0.6682056160873953,0.7378381050561019,0.9839074570479178,1.4962727674092724,Low
0.9437812797550138,0.7149855329746845,0.9500168927388954,1.4764456513693385,High
0.8197068333831367,0.6465367765022807,0.9642262156730852,1.5542381822662044,High
0.9246225719138988,0.4361348766429666,0.9487043380353475,1.6019193976283097,High
0.3582016162639432,0.4931795357388784,1.0182596005878113,1.6514015413758802,Low
0.7076767084178424,0.42711141426351773,0.9749184594403837,1.6158487260079817,High
0.6525707538251968,0.5376140586014057,0.9830986819332075,1.6019003287001072,Low
0.012865220581184778,0.5478152215216344,1.0610094114879305,1.590751018371464,Low
0.8560718819160225,0.9265819025233327,0.963515549550433,1.369886966380405,High
0.36742852002352644,0.6324106579225001,1.0190888535234663,1.5597555912853467,Low
0.9482640834311783,0.670442965212622,0.948887939130685,1.5385267295799552,High
0.8708324655639369,0.19270651239047498,0.952051030818106,1.7974090205674411,High
0.5413602249844685,0.9627924534428057,1.002479203821337,1.3090581236288041,Low
0.3690539688583474,0.21617131427752911,1.0130840752300627,1.749060731643337,Low
0.032653921445987,0.9197804697584789,1.0640475547895583,1.3165659947170012,Low
0.9120364084666952,0.5587568008613647,0.9518350998776477,1.5289924259903158,High
0.008790437745462731,0.23138877724127171,1.0569047716129913,1.7345387207775105,Low
0.5737922392087131,0.8720945185787803,0.9972623630487558,1.3793464881304598,Low
0.7955138928023096,0.2264062785477171,0.9616070151364502,1.8013087689189404,High
0.8082161987749302,0.5297726364954012,0.9640746316558204,1.627061503252297,High
0.6946159058806636,0.2505096381475179,0.9741413299604103,1.7952143927078354,High
0.4825226623821568,0.8427038610368603,1.0079989400719092,1.3772223657298797,Low
0.037205486139584965,0.2970025307757471,1.0544126405874907,1.6798267640709028,Low
0.11734203502962814,0.4554285437418295,1.0469770954257354,1.5909568103103413,Low
0.9845737681515553,0.4753696155940048,0.941934443803639,1.5787495185389262,High
0.5071790474849948,0.8585410520156682,1.005208972235416,1.413869677314727,Low
0.41429143511766553,0.04441754568772205,1.0052452263605385,1.8588026142370029,Low
0.8110103895354985,0.061414316604234576,0.9575677459069113,1.8882814212297956,High
0.028960241071323223,0.5684615147166381,1.059353484580425,1.5304366579572388,Low
0.6600628607265274,0.7510142868645785,0.9850790129237199,1.4903890505194826,Low
0.5954559809733266,0.5338381916608733,0.9899900796306959,1.5933702352693437,Low
0.20083810446825723,0.45253489234670075,1.036797653780096,1.5983868968787394,Low
0.8083817533802313,0.16505678435668725,0.9592435871878964,1.8348761050378688,High
0.831887325380373,0.16530920450362707,0.956404145270634,1.759739864654701,High
0.35037520369042896,0.5602748902020178,1.020151158936229,1.60755003691774,Low
0.48522149546360527,0.44952379492394634,1.0022272796176508,1.6089499823785516,Low
0.15032808589605395,0.9307259686610198,1.049826505448342,1.3452031909570146,Low
0.746692756910837,0.8998916800538937,0.9765226837500235,1.3615210757972311,High
0.9800378320651293,0.03878340230678223,0.9368649582840528,1.8878408089711411,High
0.5054378233087852,0.1588141047791064,0.9957963268628084,1.7587948577150017,Low
0.006164522223330082,0.42633977047826466,1.060052851065011,1.6281954434690835,Low
0.7485873824881042,0.29650581853726876,0.9682164844371234,1.7509911145891388,High
0.09910554429069673,0.330659328274148,1.0473961724119147,1.7424889589401222,Low
0.2538377511434814,0.9812669414352552,1.0379009390466578,1.286997736308732,Low
0.7601085686254788,0.60007249202298,0.970860456749558,1.5334378671951723,High
0.19631074519788183,0.7145959445803268,1.0410951533070398,1.427275092341536,Low
0.9373411507289044,0.9999086426204132,0.9545512123150552,1.3494450799956443,High
0.49868160511949056,0.6698163627558495,1.0036300252530452,1.5224369612986492,Low
0.1056522577232415,0.6376424292919318,1.0510273395512195,1.4797404778783103,Low
0.8447066253925654,0.8720695218511051,0.9641777969749364,1.3419000471067648,High
0.46669448765010213,0.42366738096765244,1.0041200449454246,1.6221089468666086,Low
0.834348408987351,0.2884024686941722,0.9577195467973213,1.7065625087889362,High
0.9373035067976607,0.44247577164045404,0.9472474961136619,1.6762383387157567,High
0.9954662457029386,0.27200756072228405,0.9379903707525451,1.77866951559684,High
0.9705045278769386,0.2377088100021526,0.940571588220651,1.7257812926864986,High
0.8290813724535209,0.6079865462710371,0.9625738503442355,1.5048091014703244,High
0.23083054189448682,0.3076922235115418,1.0311045142225566,1.7307646133509262,Low
0.4895952290835459,0.09387258401583132,0.9968264735836386,1.8534337154718745,Low
0.9545088548694256,0.05921498753201204,0.9402094783263777,1.8629095752941027,High
0.08690492729990718,0.22771837762754965,1.0473964364398043,1.7701002731494566,Low
